{
  "id": 28,
  "parentId": 35,
  "settings": {
    "name": "Blue end"
  },
  "order": 7,
  "components": [
    {
      "data": {
        "type": "de.fabmax.kool.editor.data.TransformComponentData",
        "transform": {
          "position": {
            "x": 3.552713678800501E-15,
            "y": 3.5,
            "z": 5.800000190734863
          },
          "rotation": {
            "x": -2.134793906652937E-17,
            "y": 6.617444900424223E-24,
            "z": -2.481541837659083E-24,
            "w": 1.0
          },
          "scale": {
            "x": 1.0,
            "y": 1.0,
            "z": 0.9999999999999998
          }
        }
      },
      "displayOrder": 0
    }
  ]
}